[
  {
    "name": "Cores do Tema",
    "settings": [
      {
        "type": "color",
        "id": "primary_color",
        "label": "Cor Primária (Terracota)",
        "default": "#D4843E"
      },
      {
        "type": "color",
        "id": "secondary_color",
        "label": "Cor Secundária (Verde)",
        "default": "#3B6B4A"
      },
      {
        "type": "color",
        "id": "text_color",
        "label": "Texto Principal (Marrom Escuro)",
        "default": "#4C3B27"
      },
      {
        "type": "color",
        "id": "background_color",
        "label": "Plano de Fundo (Branco Cru)",
        "default": "#F7F3ED"
      },
      {
        "type": "color",
        "id": "card_color",
        "label": "Card (Branco Puro)",
        "default": "#FFFFFF"
      }
    ]
  }
]
